epoch, lr, avg_loss, model_score
Epoch 1, 0.00000100, 3078.20800781, 2.554092
Epoch 2, 0.00005459, 2681.36621094, 3.122723
