epoch, lr, avg_loss, model_score
Epoch 1, 0.00010000, 4.22286892, NA
Epoch 2, 0.00009931, 3.02321124, NA
