Epoch 	 Score
0 	 0.00000000
5 	 0.00050000
10 	 0.00000000
15 	 0.00050000
20 	 0.00000000
25 	 0.00000000
30 	 0.00000000
35 	 0.00000000
40 	 0.00000000
45 	 0.00000000
50 	 0.00000000
55 	 0.00000000
60 	 0.00000000
