Epoch 	 Score
0 	 0.06552399
5 	 0.09657416
10 	 0.22188359
15 	 0.27489874
20 	 0.26466972
25 	 0.29474667
30 	 0.34694037
35 	 0.38998801
40 	 0.40446404
45 	 0.37514275
50 	 0.40285569
55 	 0.42854348
60 	 0.38740975
65 	 0.39984217
70 	 0.42811081
75 	 0.41586339
80 	 0.42362189
85 	 0.43507072
90 	 0.43216723
95 	 0.46397901
100 	 0.42736477
